1;1;Bulbizarre;40;8;11;5;0;;0;1;;Vampigraine;À moins que tous les dégâts infligés par cette attaque ne soient prévenus, vous pouvez retirer 1 marqueur de dégâts de Bulbizarre.;20;20;;;;;;;;;2;;;;;;;400;10;0;;;;;;;;;;;;;;;;;;;;;;;;;;;;;;;;;;;;;;;;;;;;;
2;1;Herbizarre;60;8;11;5;0;;0;1;1;Fouet Lianes;;30;30;;;;;;;;;1;;2;;;;;;;;Poudre Toxik;Le Pokémon Défenseur est maintenant Empoisonné.;20;20;;;;;;;;;3;;;;;;;600;3;;;;;;;;;;;;;;;;;;;;;;;;
3;1;Florizarre;100;8;11;5;0;;0;2;2;Lance-Soleil;;60;60;;;;;;;;;4;;;;;;;;;;;;;0;;;;;;;;;;;;;;;;;;;;;;;;;;;;;;;;;;;;;;Transfert d’énergie;Aussi souvent que le souhaitez pendant votre tour (avant votre attaque), vous pouvez prendre 1 carte Énergie plante attachée à 1 de vos Pokémon et l'attacher à un autre. Ce pouvoir ne peut être utilisé si Florizarre est Endormi, Confus ou Paralysé.;;
4;1;Salamèche;50;5;;14;0;;0;1;;Griffe;;10;10;;;;;;;;;;;1;;;;;;;;Flammèche;Défaussez 1 carte Énergie feu attachée à Salamèche pour pouvoir utiliser cette attaque;30;30;;;;;;1;;;;;1;;;;;300;1;5;;;;;;;;;;;;;;;;;;;;;;;
5;1;Reptincel;80;5;;14;0;;0;1;4;Tranche;;30;30;;;;;;;;;;;3;;;;;;;;Lance-flamme;Défaussez 1 carte Énergie feu attachée à Reptincel pour pouvoir utiliser cette attaque;50;50;;;;;;2;;;;;1;;;;;300;1;5;;;;;;;;;;;;;;;;;;;;;;;
6;1;Dracaufeu;120;5;;14;0;4;1;3;5;Danseflamme;Défaussez 2 cartes Énergie attachées à Dracaufeu pour pouvoir utiliser cette attaque.;100;100;;;;;;4;;;;;;;;;;300;2;5;;;;0;;;;;;;;;;;;;;;;;;;;;;;;;;;;;;;;;;;;;;Combustion d’énergie;Aussi souvent que vous le souhaitez pendant votre tour (avant votre attaque), vous pouvez transformer toutes les Énergies attachées à Dracaufeu en Énergie feu jusqu'à la fin du tour. Ce pouvoir ne peut être utilisé si Dracaufeu est Endormi, Confus ou Paralysé.;;
7;1;Carapuce;40;14;;3;0;;0;1;;Ecume;Lancez une pièce. Si c'est face, le Pokémon Défenseur est maintenant Paralysé.;10;10;;;;;;;;;;;;;;;1;601;2;-1;Repli;Lances une pièce. Si c'est face, prévenez tous les dégâts infligés à Carapuce pendant le prochain tour de votre adversaire. (Tout autre effet ou attaque est toujours valide.);0;0;;;;;;;;;;;1;;;;1;501;;;;;;;;;;;;;;;;;;;;;;;;;
8;1;Carabaffe;70;14;;3;0;;0;1;7;Repli;Lancez une pièce. Si c'est face, prévenez tous les dégâts infligés à Carabaffe pendant le prochain tour de votre adversaire. (Tout autre effet ou attaque est toujours valide.);0;0;;;;;;;;;;;1;;;;1;501;;;Morsure;;40;40;;;;;;;;;;;2;;;;1;;;;;;;;;;;;;;;;;;;;;;;;;;
9;1;Tortank;100;14;;;0;;0;3;8;Hydrocanon;Inflige 40 dégâts plus 10 dégâts supplémentaires pour chaque Énergie eau attachée à Tortank en plus du coût en Énergie de cette attaque. Les Énergies eau supplémentaires après la seconde ne comptent pas.;40;40+;;;;;;;;;;;;;;;3;200;10;3;;;;0;;;;;;;;;;;;;;;;;;;;;;;;;;;;;;;;;;;;;;Danse de la pluie;Aussi souvent que vous le souhaitez pendant votre tour (avant votre attaque), vous pouvez attacher 1 carte Énergie eau à 1 de vos Pokémon eau (En plus de la carte Énergie que vous pouvez attacher normalement.) Ce pouvoir ne peut être utilisé si Tortank est Endormi, Confus ou Paralysé.;;
10;1;Chenipan;40;8;0;5;0;;0;1;;Sécrétion;Lancez une pièce. Si c'est face, le Pokémon Défenseur est maintenant Paralysé.;10;10;;;;;;;;;1;;;;;;;601;2;-1;;;;0;;;;;;;;;;;;;;;;;;;;;;;;;;;;;;;;;;;;;;;;;
11;1;Chrysacier;70;8;;5;0;;0;2;10;Armure;Lancez une pièce. Si c'est face, prévenez tous les dégâts infligés à Chrysacier pendant le prochain tour de votre adversaire. (Tout autre effet ou attaque est toujours valide.) ;0;0;;;;;;;;;;;2;;;;;500;;;Para-spore;Lancez une pièce. Si c'est face, le Pokémon Défenseur est maintenant Paralysé.;20;20;;;;;;;;;2;;;;;;;601;2;-1;;;;;;;;;;;;;;;;;;;;;;;
12;0;Papilusion;;;;;0;;0;;11;;;;0;;;;;;;;;;;;;;;;;;;;;;0;;;;;;;;;;;;;;;;;;;;;;;;;;;;;;;;;;;;;;;;;
13;1;Aspicot;40;8;0;5;0;;0;1;;Dard-venin;Lancez une pièce. Si c'est face, le Pokémon Défenseur est maintenant Empoisonné;10;10;;;;;;;;;1;;;;;;;601;3;-1;;;;0;;;;;;;;;;;;;;;;;;;;;;;;;;;;;;;;;;;;;;;;;
14;1;Coconfort;80;8;0;5;0;;0;2;13;Armure;Lancez une pièce. Si c'est face, prévenez tous les dégâts infligés à Coconfort pendant le prochain tour de votre adversaire. (Tout autre effet ou attaque est toujours valide.);0;0;;;;;;;;;;;2;;;;;501;;;Poudre Toxik;Lancez une pièce. Si c'est face, le Pokémon Défenseur est maintenant Empoisonné.;20;20;;;;;;;;;2;;;;;;;601;3;-1;;;;;;;;;;;;;;;;;;;;;;;
15;1;Dardagnan;80;8;;5;0;4;1;0;14;Double-dard;Lancez 2 pièces. Cette attaque inflige 30 dégâts multipliés par le nombre de faces.;0;30x;;;;;;;;;;;3;;;;;201;30;2;Dard-venin;Lancez une pièce. Si c'est face, le Pokémon Défenseur est maintenant Empoisonné.;40;40;;;;;;;;;3;;;;;;;601;3;-1;;;;;;;;;;;;;;;;;;;;;;;
16;1;Roucoul;40;10;6;3;0;4;1;1;;Cyclone;Si votre adversaire a au moins un Pokémon sur le Banc, il ou elle choisit l'1 d'eux et l'échange avec le Pokémon Défenseur. (Appliquez les dégâts avant d'échanger les Pokémon.);10;10;;;;;;;;;;;2;;;;;702;;;;;;0;;;;;;;;;;;;;;;;;;;;;;;;;;;;;;;;;;;;;;;;;
17;1;Roucoups;60;10;6;3;0;4;1;1;16;Cyclone;Si votre adversaire a au moins un Pokémon sur le Banc, il ou elle choisit l'1 d'eux et l'échange avec le Pokémon Défenseur. (Appliquez les dégâts avant d'échanger les Pokémon.);10;10;;;;;;;;;;;2;;;;;702;;;Mimique;Si Roucoups a été attaqué pendant le tour précédent, appliquez le résultat final de cette attaque infligée à Roucoups sur le Pokémon Défenseur.;0;0;;;;;;;;;;;3;;;;;101;;;;;;;;;;;;;;;;;;;;;;;;;
18;0;Roucarnage;;10;6;;0;;0;;17;;;;0;;;;;;;;;;;;;;;;;;;;;;0;;;;;;;;;;;;;;;;;;;;;;;;;;;;;;;;;;;;;;;;;
19;1;Rattata;30;10;;4;0;12;1;0;;Morsure;;20;20;;;;;;;;;;;;;;;;;;;;;;0;;;;;;;;;;;;;;;;;;;;;;;;;;;;;;;;;;;;;;;;;
20;1;Rattatac;60;10;;4;0;12;1;1;19;Morsure;;20;20;;;;;;;;;;;1;;;;;;;;Croc Fatal;Inflige une quantité de dégâts au Pokémon Défenseur égale à la moitié de ses PV restants (arrondis à la dizaine la plus proche).;0;?;;;;;;;;;;;3;;;;;205;;;;;;;;;;;;;;;;;;;;;;;;;
21;0;Piafabec;;10;6;;0;;0;;;;;;0;;;;;;;;;;;;;;;;;;;;;;0;;;;;;;;;;;;;;;;;;;;;;;;;;;;;;;;;;;;;;;;;
22;0;Rapasdepic;;10;6;;0;;0;;21;;;;0;;;;;;;;;;;;;;;;;;;;;;0;;;;;;;;;;;;;;;;;;;;;;;;;;;;;;;;;;;;;;;;;
23;0;Abo;;;;;0;;0;;;;;;0;;;;;;;;;;;;;;;;;;;;;;0;;;;;;;;;;;;;;;;;;;;;;;;;;;;;;;;;;;;;;;;;
24;0;Arbox;;;;;0;;0;;23;;;;0;;;;;;;;;;;;;;;;;;;;;;0;;;;;;;;;;;;;;;;;;;;;;;;;;;;;;;;;;;;;;;;;
25;1;Pikachu;40;3;;4;0;;0;1;;Rogne;;10;10;;;;;;;;;;;1;;;;;;;;Secousse Tonnerre;Lancez une pièce. Si c'est pile, Pikachu s'inflige 10 dégâts.;30;30;;;;1;;;;;;;1;;;;;207;0;10;;;;;;;;;;;;;;;;;;;;;;;
26;1;Raichu;80;3;;6;0;;0;1;25;Hâte;Lancez une pièce. Si c'est face, pendant le prochain tour de votre adversaire, prévenez tous les effets ou attaques, y compris les dégâts, infligés à Raichu.;20;20;;;;1;;;;;;;2;;;;;504;;;Fatal-Foudre;Lancez une pièce. Si c'est pile, Raichu s'inflige 30 dégâts.;60;60;;;;3;;;;;;;1;;;;;207;0;30;;;;;;;;;;;;;;;;;;;;;;;
27;1;Sabelette;40;3;;8;0;3;1;1;;Jet de Sable;Si le Pokémon Défenseur essaie d'attaquer pendant le prochain tour de votre adversaire, votre adversaire doit lancer une pièce. Si c'est pile, l'attaque reste sans effet.;10;10;;;;;1;;;;;;;;;;;106;;;;;;0;;;;;;;;;;;;;;;;;;;;;;;;;;;;;;;;;;;;;;;;;
28;0;Sablaireau;;;;;0;;0;;27;;;;0;;;;;;;;;;;;;;;;;;;;;;0;;;;;;;;;;;;;;;;;;;;;;;;;;;;;;;;;;;;;;;;;
29;0;Nidoran femelle;;;;;0;;0;;;;;;0;;;;;;;;;;;;;;;;;;;;;;0;;;;;;;;;;;;;;;;;;;;;;;;;;;;;;;;;;;;;;;;;
30;0;Nidorina;;;;;0;;0;;29;;;;0;;;;;;;;;;;;;;;;;;;;;;0;;;;;;;;;;;;;;;;;;;;;;;;;;;;;;;;;;;;;;;;;
31;0;Nidoqueen;;;;;0;;0;;30;;;;0;;;;;;;;;;;;;;;;;;;;;;0;;;;;;;;;;;;;;;;;;;;;;;;;;;;;;;;;;;;;;;;;
32;1;Nidoran mâle;40;8;;12;0;;0;1;;Chanc' Korne;Lancez une pièce. Si c'est pile, cette attaque est sans effet.;0;30;;;;;;;;;1;;;;;;;207;30;0;;;;0;;;;;;;;;;;;;;;;;;;;;;;;;;;;;;;;;;;;;;;;;
33;1;Nidorino;60;8;;12;0;;0;1;32;Double Pied;Lancez 2 pièces. Cette attaque inflige 30 dégâts multipliés par le nombre de faces.;0;30x;;;;;;;;;1;;2;;;;;201;30;2;Empal Korne;;50;50;;;;;;;;;2;;2;;;;;;;;;;;;;;;;;;;;;;;;;;;;;;
34;1;Nidoking;90;8;;12;0;;0;3;33;Mania;"Lancez une pièce. Si c'est face, cette attaque inflige 30 dégâts plus 10 dégâts supplémentaires , si c'est pile, cette attaque inflige 30 dégâts et Nidoking s'inflige 10 dégâts.";30;30+;;;;;;;;;1;;2;;;;;207;10;10;Toxik;Le Pokémon Défenseur est maintenant Empoisonné. Il subit maintenant 20 dégâts Poison au lieu de 10 après le tour de chaque joueur (même s'il était déjà empoisonné).;20;20;;;;;;;;;3;;;;;;;602;20;;;;;;;;;;;;;;;;;;;;;;;;
35;1;Melofee;35;10;;6;0;12;1;1;;Berceuse;Lancez une pièce. Si c'est face, le Pokémon Défenseur est maintenant Endormi.;0;0;;;;;;;;;;;1;;;;;601;4;-1;Métronome;Choisissez 1 des attaques du Pokémon Défenseur. Métronome copie cette attaque à l'exception de son coût d'Énergie et de toute autre action requise pour utiliser cette attaque, comme par exemple, défausser des cartes Énergie. (Quel que soit le type du Pokémon Défenseur, Mélofée demeure de type Incolore.);0;0;;;;;;;;;;;3;;;;;100;;;;;;;;;;;;;;;;;;;;;;;;;
36;0;Mélodelfe;;;;;0;;0;;35;;;;0;;;;;;;;;;;;;;;;;;;;;;0;;;;;;;;;;;;;;;;;;;;;;;;;;;;;;;;;;;;;;;;;
37;1;Goupix;50;5;;14;0;;0;1;;Onde folie;Lancez une pièce. Si c'est face, le Pokémon Défenseur est maintenant Confus.;10;10;;;;;;2;;;;;;;;;;601;0;-1;;;;0;;;;;;;;;;;;;;;;;;;;;;;;;;;;;;;;;;;;;;;;;
38;1;Feunard;80;5;;14;0;;0;1;37;Leurre;Si votre adversaire a des Pokémon sur le Banc, choisissez 1 d'entre eux et échangez-le avec le Pokémon Défenseur.;0;0;;;;;;;;;;;2;;;;;702;;;Déflagration;Défaussez 1 carte Énergie feu attachée à Feunard pour pouvoir utiliser cette attaque.;80;80;;;;;;4;;;;;;;;;;300;1;5;;;;;;;;;;;;;;;;;;;;;;;
39;0;Rondoudou;;;;;0;;0;;;;;;0;;;;;;;;;;;;;;;;;;;;;;0;;;;;;;;;;;;;;;;;;;;;;;;;;;;;;;;;;;;;;;;;
40;0;Grodoudou;;;;;0;;0;;39;;;;0;;;;;;;;;;;;;;;;;;;;;;0;;;;;;;;;;;;;;;;;;;;;;;;;;;;;;;;;;;;;;;;;
41;0;Nosferapti;;;;;0;;0;;;;;;0;;;;;;;;;;;;;;;;;;;;;;0;;;;;;;;;;;;;;;;;;;;;;;;;;;;;;;;;;;;;;;;;
42;0;Nosferalto;;;;;0;;0;;41;;;;0;;;;;;;;;;;;;;;;;;;;;;0;;;;;;;;;;;;;;;;;;;;;;;;;;;;;;;;;;;;;;;;;
43;0;Mysterbe;;;;;0;;0;;;;;;0;;;;;;;;;;;;;;;;;;;;;;0;;;;;;;;;;;;;;;;;;;;;;;;;;;;;;;;;;;;;;;;;
44;0;Ortide;;;;;0;;0;;43;;;;0;;;;;;;;;;;;;;;;;;;;;;0;;;;;;;;;;;;;;;;;;;;;;;;;;;;;;;;;;;;;;;;;
45;0;Rafflesia;;;;;0;;0;;44;;;;0;;;;;;;;;;;;;;;;;;;;;;0;;;;;;;;;;;;;;;;;;;;;;;;;;;;;;;;;;;;;;;;;
46;0;Paras;;;;;0;;0;;;;;;0;;;;;;;;;;;;;;;;;;;;;;0;;;;;;;;;;;;;;;;;;;;;;;;;;;;;;;;;;;;;;;;;
47;0;Parasect;;;;;0;;0;;46;;;;0;;;;;;;;;;;;;;;;;;;;;;0;;;;;;;;;;;;;;;;;;;;;;;;;;;;;;;;;;;;;;;;;
48;0;Mimitoss;;;;;0;;0;;;;;;0;;;;;;;;;;;;;;;;;;;;;;0;;;;;;;;;;;;;;;;;;;;;;;;;;;;;;;;;;;;;;;;;
49;0;Aeromite;;;;;0;;0;;48;;;;0;;;;;;;;;;;;;;;;;;;;;;0;;;;;;;;;;;;;;;;;;;;;;;;;;;;;;;;;;;;;;;;;
50;1;Taupiqueur;30;4;;8;0;3;1;0;;Tunnel;;10;10;;;;;1;;;;;;;;;;;;;;Jet de boue;;30;30;;;;;2;;;;;;;;;;;;;;;;;;;;;;;;;;;;;;;;;;;;
51;1;Triopikeur;70;4;;8;0;3;1;2;50;Tranche;;40;40;;;;;;;2;;;;1;;;;;;;;Séisme;Inflige 10 dégâts à chacun des Pokémon sur votre Banc. (Ne pas appliquer la Faiblesse et la Résistance aux Pokémon sur le Banc.);70;70;;;;;;;4;;;;;;;;;700;10;;;;;;;;;;;;;;;;;;;;;;;;
52;0;Miaouss;;;;;0;;0;;;;;;0;;;;;;;;;;;;;;;;;;;;;;0;;;;;;;;;;;;;;;;;;;;;;;;;;;;;;;;;;;;;;;;;
53;0;Persian;;;;;0;;0;;52;;;;0;;;;;;;;;;;;;;;;;;;;;;0;;;;;;;;;;;;;;;;;;;;;;;;;;;;;;;;;;;;;;;;;
54;0;Psykokwak;;;;;0;;0;;;;;;0;;;;;;;;;;;;;;;;;;;;;;0;;;;;;;;;;;;;;;;;;;;;;;;;;;;;;;;;;;;;;;;;
55;0;Akwakwak;;;;;0;;0;;54;;;;0;;;;;;;;;;;;;;;;;;;;;;0;;;;;;;;;;;;;;;;;;;;;;;;;;;;;;;;;;;;;;;;;
56;0;Férosinge;;;;;0;;0;;;;;;0;;;;;;;;;;;;;;;;;;;;;;0;;;;;;;;;;;;;;;;;;;;;;;;;;;;;;;;;;;;;;;;;
57;0;Colosinge;;;;;0;;0;;56;;;;0;;;;;;;;;;;;;;;;;;;;;;0;;;;;;;;;;;;;;;;;;;;;;;;;;;;;;;;;;;;;;;;;
58;1;Caninos;60;5;;14;0;;0;1;;Intimidation;;20;20;;;;;;1;;;;;1;;;;;;;;;;;0;;;;;;;;;;;;;;;;;;;;;;;;;;;;;;;;;;;;;;;;;
59;1;Arcanin;100;5;;14;0;;0;3;58;Lance-flamme;Défaussez 1 carte Énergie feu attachée à Arcanin pour pouvoir utiliser cette attaque.;50;50;;;;;;2;;;;;1;;;;;300;1;5;Bélier;Arcanin s'inflige 30 dégâts.;80;80;;;;;;2;;;;;2;;;;;206;30;;;;;;;;;;;;;;;;;;;;;;;;
60;1;Ptitard;40;14;;8;0;;0;1;;Pistolet à O;Inflige 30 dégâts plus 10 dégâts supplémentaires pour chaque Énergie eau attachée à Ptitard en plus du coût en Énergie de cette attaque. Les Énergies eau supplémentaires après la seconde ne comptent pas.;30;10+;;;;;;;;;;;;;;;1;200;10;0;;;;0;;;;;;;;;;;;;;;;;;;;;;;;;;;;;;;;;;;;;;;;;
61;1;Têtarte;60;14;;8;0;;0;1;60;Amnésie;Choisissez 1 des attaques du Pokémon Défenseur. Ce Pokémon ne peut pas utiliser cette attaque pendant le prochain tour de votre adversaire.;0;0;;;;;;;;;;;;;;;2;104;;;Torgnoles;Lancez 2 pièces. Cette attaque inflige 30 dégâts multipliés par le nombre de faces.;0;30x;;;;;;;;;;;1;;;;2;201;30;2;;;;;;;;;;;;;;;;;;;;;;;
62;1;Tartard;90;14;;8;0;;0;3;61;Pistolet à O;Inflige 30 dégâts plus 10 dégâts supplémentaires pour chaque Énergie eau attachée à Tartard en plus du coût en énergie de cette attaque. Les Énergies eau supplémentaires après la seconde ne comptent pas.;30;30+;;;;;;;;;;;1;;;;2;200;10;0;Lessiveuse;Si des cartes Énergies sont attachées au Pokémon Défenseur, choisissez 1 d'elles et défaussez-là.;40;40;;;;;;;;;;;2;;;;2;301;1;0;;;;;;;;;;;;;;;;;;;;;;;
63;1;Abra;30;12;;12;0;;0;0;;Choc Psy;Lancez une pièce. Si c'est face, le Pokémon Défenseur est maintenant Paralysé.;10;10;;;;;;;;;;;;;1;;;601;2;-1;;;;0;;;;;;;;;;;;;;;;;;;;;;;;;;;;;;;;;;;;;;;;;
64;1;Kadabra;60;12;;12;0;;0;3;63;Soin;Défaussez 1 carte Énergie psy attachée à Kadabra pour pouvoir utiliser cette attaque. Retirez tous les marqueurs de dégâts sur Kadabra.;0;0;;;;;;;;;;;;;2;;;400;60;12;Super psy;;50;50;;;;;;;;;;;1;;2;;;;;;;;;;;;;;;;;;;;;;;;;;;;
65;1;Alakazam;80;12;;12;0;;0;3;64;Onde folie;Lancer une pièce. Si c'est face, le Pokémon défenseur est maintenant confus;30;30;;;;;;;;;;;;;3;;;601;0;-1;;;;0;;;;;;;;;;;;;;;;;;;;;;;;;;;;;;;;;;;;;;Transfert de dégâts;Aussi souvent que vous le souhaitez pendant votre tour (avant votre attaque), vous pouvez déplacer 1 marqueur de dégâts depuis 1 de vos Pokémon vers un autre sous réserve de ne pas mettre ce Pokémon K.O. Ce pouvoir ne peut être utilisé si Alakazam est Endormi, Confus ou Paralysé.;;
66;1;Machoc;50;4;;12;0;;0;1;;Balayage;;20;20;;;;;1;;;;;;;;;;;;;;;;;0;;;;;;;;;;;;;;;;;;;;;;;;;;;;;;;;;;;;;;;;;
67;1;Machopeur;80;4;;12;0;;0;3;66;Poing-Karaté;Inflige 50 dégâts moins 10 dégâts pour chaque marqueur de dégâts sur Machopeur.;0;50-;;;;;2;;;;;;1;;;;;204;50;10;Sacrifice;Machopeur s'inflige 20 dégâts.;60;60;;;;;2;;;;;;2;;;;;206;20;;;;;;;;;;;;;;;;;;;;;;;;
68;1;Mackogneur;100;4;;12;0;;0;3;67;Frappe atlas;;60;60;;;;;3;;;;;;1;;;;;;;;;;;0;;;;;;;;;;;;;;;;;;;;;;;;;;;;;;;;;;;;;;Riposte;À chaque fois que l'attaque de votre adversaire inflige des dégâts à Mackogneur (même si Mackogneur est K.O.), ce pouvoir inflige 10 dégâts au Pokémon attaquant. (Ne pas tenir compte de la Faiblesse et de la Résistance.) Ce pouvoir ne peut être utilisé si Mackogneur est Endormi, Confus ou Paralysé quand votre adversaire attaque.;;
69;0;Chétiflor;;;;;0;;0;;;;;;0;;;;;;;;;;;;;;;;;;;;;;0;;;;;;;;;;;;;;;;;;;;;;;;;;;;;;;;;;;;;;;;;
70;0;Boustiflor;;;;;0;;0;;69;;;;0;;;;;;;;;;;;;;;;;;;;;;0;;;;;;;;;;;;;;;;;;;;;;;;;;;;;;;;;;;;;;;;;
71;0;Empiflor;;;;;0;;0;;70;;;;0;;;;;;;;;;;;;;;;;;;;;;0;;;;;;;;;;;;;;;;;;;;;;;;;;;;;;;;;;;;;;;;;
72;0;Tentacool;;;;;0;;0;;;;;;0;;;;;;;;;;;;;;;;;;;;;;0;;;;;;;;;;;;;;;;;;;;;;;;;;;;;;;;;;;;;;;;;
73;0;Tentacruel;;;;;0;;0;;72;;;;0;;;;;;;;;;;;;;;;;;;;;;0;;;;;;;;;;;;;;;;;;;;;;;;;;;;;;;;;;;;;;;;;
74;0;Racaillou;;;;;0;;0;;;;;;0;;;;;;;;;;;;;;;;;;;;;;0;;;;;;;;;;;;;;;;;;;;;;;;;;;;;;;;;;;;;;;;;
75;0;Gravalanch;;;;;0;;0;;74;;;;0;;;;;;;;;;;;;;;;;;;;;;0;;;;;;;;;;;;;;;;;;;;;;;;;;;;;;;;;;;;;;;;;
76;0;Grolem;;;;;0;;0;;75;;;;0;;;;;;;;;;;;;;;;;;;;;;0;;;;;;;;;;;;;;;;;;;;;;;;;;;;;;;;;;;;;;;;;
77;1;Ponyta;40;5;;14;0;;0;1;;Ruade;;20;20;;;;;;;;;;;2;;;;;;;;Queue de flamme;;30;30;;;;;;2;;;;;;;;;;;;;;;;;;;;;;;;;;;;;;;;;;;
78;0;Galopa;;;;;0;;0;;77;;;;0;;;;;;;;;;;;;;;;;;;;;;0;;;;;;;;;;;;;;;;;;;;;;;;;;;;;;;;;;;;;;;;;
79;0;Ramoloss;;;;;0;;0;;;;;;0;;;;;;;;;;;;;;;;;;;;;;0;;;;;;;;;;;;;;;;;;;;;;;;;;;;;;;;;;;;;;;;;
80;0;Flagadoss;;;;;0;;0;;79;;;;0;;;;;;;;;;;;;;;;;;;;;;0;;;;;;;;;;;;;;;;;;;;;;;;;;;;;;;;;;;;;;;;;
81;1;Magnéti;40;3;;4;0;;0;1;;Cage-éclair;Lancez une pièce. Si c'est face, le Pokémon Défenseur est maintenant Paralysé.;10;10;;;;1;;;;;;;;;;;;601;2;-1;Destruction;Inflige 10 dégâts à chaque Pokémon sur le Banc de chaque joueur. (Ne pas appliquer la Faiblesse et la Résistance aux Pokémon sur le Banc. Magneti s'inflige 40 dégâts.;40;40;;;;1;;;;;;;1;;;;;701;10;;;;;;;;;;;;;;;;;;;;;;;;
82;1;Magnéton;60;3;;4;0;;0;1;81;Cage-éclair;Lancez une pièce. Si c'est face, le Pokémon Défenseur est maintenant Paralysé.;30;30;;;;2;;;;;;;1;;;;;601;2;-1;Destruction;Inflige 20 dégâts à chaque Pokémon sur le Banc de chaque joueur. (Ne pas appliquer la Faiblesse et la Résistance aux Pokémon sur le Banc.) Magneton s'inflige 80 dégâts.;80;80;;;;2;;;;;;;2;;;;;701;20;;;;;;;;;;;;;;;;;;;;;;;;
83;1;Canarticho;50;10;;3;0;4;1;1;;Coup d’oignon;Lancez une pièce. Si c'est pile, cette attaque est sans effet. Quel que soit le résultat, vous ne pouvez plus utiliser cette attaque aussi longtemps que Canarticho reste en jeu (même renvoyer Canarticho sur le Banc ne vous permet pas de l'utiliser à nouveau).;30;30;;;;;;;;;;;1;;;;;102;;;Coup de casserole;;30;30;;;;;;;;;;;3;;;;;;;;;;;;;;;;;;;;;;;;;;;;;;
84;1;Doduo;50;10;;3;0;4;1;0;;Furie;Lancez 2 pièces. Cette attaque inflige 10 dégâts multipliés par le nombre de faces.;0;10x;;;;;;;;;;;1;;;;;201;10;2;;;;0;;;;;;;;;;;;;;;;;;;;;;;;;;;;;;;;;;;;;;;;;
85;0;Dodrio;;;;;0;;0;;84;;;;0;;;;;;;;;;;;;;;;;;;;;;0;;;;;;;;;;;;;;;;;;;;;;;;;;;;;;;;;;;;;;;;;
86;1;Otaria;60;14;;3;0;;0;1;;Coup d'Boule;;10;10;;;;;;;;;;;;;;;1;;;;;;;0;;;;;;;;;;;;;;;;;;;;;;;;;;;;;;;;;;;;;;;;;
87;1;Lamantine;80;14;;3;0;;0;3;86;Onde boréale;;30;30;;;;;;;;;;;1;;;;2;;;;Laser glace;Lancez une pièce. Si c'est face, le Pokémon Défenseur est maintenant Paralysé.;50;50;;;;;;;;;;;2;;;;2;601;2;-1;;;;;;;;;;;;;;;;;;;;;;;
88;0;Tadmorv;;;;;0;;0;;;;;;0;;;;;;;;;;;;;;;;;;;;;;0;;;;;;;;;;;;;;;;;;;;;;;;;;;;;;;;;;;;;;;;;
89;0;Grotadmorv;;;;;0;;0;;88;;;;0;;;;;;;;;;;;;;;;;;;;;;0;;;;;;;;;;;;;;;;;;;;;;;;;;;;;;;;;;;;;;;;;
90;0;Kokiyas;;;;;0;;0;;;;;;0;;;;;;;;;;;;;;;;;;;;;;0;;;;;;;;;;;;;;;;;;;;;;;;;;;;;;;;;;;;;;;;;
91;0;Crustabri;;;;;0;;0;;90;;;;0;;;;;;;;;;;;;;;;;;;;;;0;;;;;;;;;;;;;;;;;;;;;;;;;;;;;;;;;;;;;;;;;
92;1;Fantominus;30;12;;;0;4;1;0;;Gaz Soporifique;Lancez une pièce. Si c'est face, le Pokémon Défenseur est maintenant Endormi.;0;0;;;;;;;;;;;;;1;;;601;4;-1;Prélévement du Destin;Défaussez 1 carte Énergie psy attachée à Fantominus pour pouvoir utiliser cette attaque. Si un Pokémon met Fantominus K.O. pendant le prochain tour de votre adversaire, mettez ce Pokémon K.O.;0;0;;;;;;;;;;;1;;1;;;3;12;;;;;;;;;;;;;;;;;;;;;;;;
93;1;Spectrum;60;12;;;0;4;1;1;92;Hypnose;Le Pokémon Défenseur est maintenant Endormi.;0;0;;;;;;;;;;;;;1;;;600;4;;Dévorêve;Vous ne pouvez utiliser cette attaque que si le Pokémon Défenseur est Endormi.;0;50;;;;;;;;;;;;;2;;;103;50;;;;;;;;;;;;;;;;;;;;;;;;
94;0;Ectoplasma;;;;;0;;0;;93;;;;0;;;;;;;;;;;;;;;;;;;;;;0;;;;;;;;;;;;;;;;;;;;;;;;;;;;;;;;;;;;;;;;;
95;1;Onix;90;4;;8;0;;0;3;;Jet-Pierres;;10;10;;;;;1;;;;;;;;;;;;;;Armure;Pendant le prochain tour de votre adversaire, à chaque fois que 30 dégâts ou moins sont infligés à Onix (après application de la Faiblesse et de la Résistance), prévenez ces dégâts. (Tout autre effet ou attaque est toujours valide.);0;0;;;;;2;;;;;;;;;;;503;30;;;;;;;;;;;;;;;;;;;;;;;;
96;1;Soporifik;50;12;;12;0;;0;1;;Ecras'Face;;10;10;;;;;;;;;;;;;1;;;;;;Onde Folie;Lancez une pièce. Si c'est face, le Pokémon Défenseur est maintenant Confus.;0;0;;;;;;;;;;;;;;;;601;0;-1;;;;;;;;;;;;;;;;;;;;;;;
97;0;Hypnomade;;;;;0;;0;;96;;;;0;;;;;;;;;;;;;;;;;;;;;;0;;;;;;;;;;;;;;;;;;;;;;;;;;;;;;;;;;;;;;;;;
98;0;Krabby;;;;;0;;0;;;;;;0;;;;;;;;;;;;;;;;;;;;;;0;;;;;;;;;;;;;;;;;;;;;;;;;;;;;;;;;;;;;;;;;
99;0;Krabboss;;;;;0;;0;;98;;;;0;;;;;;;;;;;;;;;;;;;;;;0;;;;;;;;;;;;;;;;;;;;;;;;;;;;;;;;;;;;;;;;;
100;1;Voltorbe;40;3;;4;0;;0;1;;Charge;;10;10;;;;;;;;;;;1;;;;;;;;;;;0;;;;;;;;;;;;;;;;;;;;;;;;;;;;;;;;;;;;;;;;;
101;1;Electrode;80;3;;4;0;;0;1;100;Choc électrique;Lancez une pièce. Si c'est pile, Électrode s'inflige 10 dégâts.;50;50;;;;3;;;;;;;;;;;;207;0;10;;;;0;;;;;;;;;;;;;;;;;;;;;;;;;;;;;;;;;;;;;;Buzzap;N'importe quand durant votre tour (avant votre attaque), vous pouvez mettre Électrode K.O. et l'attacher à 1 de vos autres Pokémon. Si vous le faites, choisissez un type d'Énergie. Électrode est maintenant une carte Énergie (au lieu d'un Pokémon) qui fournit 2 Énergies de ce type. Ce pouvoir ne peut être utilisé si Électrode est Endormi, Confus ou Paralysé.;;
102;0;Noeufnoeuf;;;;;0;;0;;;;;;0;;;;;;;;;;;;;;;;;;;;;;0;;;;;;;;;;;;;;;;;;;;;;;;;;;;;;;;;;;;;;;;;
103;0;Noadkoko;;;;;0;;0;;102;;;;0;;;;;;;;;;;;;;;;;;;;;;0;;;;;;;;;;;;;;;;;;;;;;;;;;;;;;;;;;;;;;;;;
104;0;Osselait;;;;;0;;0;;;;;;0;;;;;;;;;;;;;;;;;;;;;;0;;;;;;;;;;;;;;;;;;;;;;;;;;;;;;;;;;;;;;;;;
105;0;Ossatueur;;;;;0;;0;;104;;;;0;;;;;;;;;;;;;;;;;;;;;;0;;;;;;;;;;;;;;;;;;;;;;;;;;;;;;;;;;;;;;;;;
106;0;Kiklee;;;;;0;;0;;;;;;0;;;;;;;;;;;;;;;;;;;;;;0;;;;;;;;;;;;;;;;;;;;;;;;;;;;;;;;;;;;;;;;;
107;1;Tygnon;70;4;;12;0;;0;2;;Taquet;;20;20;;;;;1;;;;;;;;;;;;;;Punch spécial;;40;40;;;;;2;;;;;;1;;;;;;;;;;;;;;;;;;;;;;;;;;;;;;
108;0;Excelangue;;;;;0;;0;;;;;;0;;;;;;;;;;;;;;;;;;;;;;0;;;;;;;;;;;;;;;;;;;;;;;;;;;;;;;;;;;;;;;;;
109;1;Smogo;50;8;;12;0;;0;1;;Gaz infect;"Lancez une pièce. Si c'est face, le Pokémon Défenseur est maintenant Empoisonné , si c'est pile, il est maintenant Confus.";10;10;;;;;;;;;2;;;;;;;601;3;0;;;;0;;;;;;;;;;;;;;;;;;;;;;;;;;;;;;;;;;;;;;;;;
110;0;Smogogo;;;;;0;;0;;109;;;;0;;;;;;;;;;;;;;;;;;;;;;0;;;;;;;;;;;;;;;;;;;;;;;;;;;;;;;;;;;;;;;;;
111;0;Rhinocorne;;;;;0;;0;;;;;;0;;;;;;;;;;;;;;;;;;;;;;0;;;;;;;;;;;;;;;;;;;;;;;;;;;;;;;;;;;;;;;;;
112;0;Rhinoféros;;;;;0;;0;;111;;;;0;;;;;;;;;;;;;;;;;;;;;;0;;;;;;;;;;;;;;;;;;;;;;;;;;;;;;;;;;;;;;;;;
113;1;Leveinard;120;10;;4;0;12;1;1;;Compresse;Lancez une pièce. Si c'est face, prévenez tous les dégâts infligés à Leveinard pendant le prochain tour de votre adversaire. (Tout autre effet ou attaque est toujours valide.);0;0;;;;;;;;;;;2;;;;;500;;;Damoclès;Leveinard s'inflige 80 points de dégâts.;80;80;;;;;;;;;;;4;;;;;206;80;;;;;;;;;;;;;;;;;;;;;;;;
114;1;Saquedeneu;50;8;;5;0;;0;2;;Etreinte;Lancez une pièce. Si c'est face, le Pokémon défenseur est maintenant Paralysé.;20;20;;;;;;;;;1;;1;;;;;601;2;-1;Poudre Toxik;Le Pokémon défenseur est maintenant Empoisonné.;20;20;;;;;;;;;3;;;;;;;600;3;;;;;;;;;;;;;;;;;;;;;;;;
115;0;Kangourex;;;;;0;;0;;;;;;0;;;;;;;;;;;;;;;;;;;;;;0;;;;;;;;;;;;;;;;;;;;;;;;;;;;;;;;;;;;;;;;;
116;0;Hypotrempe;;;;;0;;0;;;;;;0;;;;;;;;;;;;;;;;;;;;;;0;;;;;;;;;;;;;;;;;;;;;;;;;;;;;;;;;;;;;;;;;
117;0;Hypocéan;;;;;0;;0;;116;;;;0;;;;;;;;;;;;;;;;;;;;;;0;;;;;;;;;;;;;;;;;;;;;;;;;;;;;;;;;;;;;;;;;
118;0;Poissirène;;;;;0;;0;;;;;;0;;;;;;;;;;;;;;;;;;;;;;0;;;;;;;;;;;;;;;;;;;;;;;;;;;;;;;;;;;;;;;;;
119;0;Poissoroy;;;;;0;;0;;118;;;;0;;;;;;;;;;;;;;;;;;;;;;0;;;;;;;;;;;;;;;;;;;;;;;;;;;;;;;;;;;;;;;;;
120;1;Stari;40;14;;3;0;;0;1;;Gifle;;20;20;;;;;;;;;;;;;;;1;;;;;;;0;;;;;;;;;;;;;;;;;;;;;;;;;;;;;;;;;;;;;;;;;
121;1;Staross;60;14;;3;0;;0;1;120;Soin;Défaussez une carte Énergie eau attachée à Staross pour pouvoir utiliser cette attaque. Retirez tous les marqueurs de dégâts sur Staross.;0;0;;;;;;;;;;;;;;;2;400;60;14;Etoile gelante;Lancez une pièce. Si c'est face, le Pokémon Défenseur est maintenant Paralysé.;20;20;;;;;;;;;;;2;;;;1;601;2;-1;;;;;;;;;;;;;;;;;;;;;;;
122;0;M. Mime;;;;;0;;0;;;;;;0;;;;;;;;;;;;;;;;;;;;;;0;;;;;;;;;;;;;;;;;;;;;;;;;;;;;;;;;;;;;;;;;
123;0;Insécateur;;;;;0;;0;;;;;;0;;;;;;;;;;;;;;;;;;;;;;0;;;;;;;;;;;;;;;;;;;;;;;;;;;;;;;;;;;;;;;;;
124;1;Lippoutou;70;12;;12;0;;0;2;;Torgnoles;Lancez 2 pièces. Cette attaque inflige 10 dégâts multipliés par le nombre de faces.;0;10x;;;;;;;;;;;;;1;;;201;10;2;Yoga;Inflige 20 dégâts plus 10 dégâts supplémentaires pour chaque marqueur de dégâts sur le Pokémon Défenseur.;20;20+;;;;;;;;;;;1;;2;;;202;10;;;;;;;;;;;;;;;;;;;;;;;;
125;1;Elektek;70;3;;4;0;;0;2;;Eclair;Lancez une pièce. Si c'est face, le Pokémon Défenseur est maintenant Paralysé.;10;10;;;;1;;;;;;;;;;;;601;2;-1;Poing-éclair;"Lancez une pièce. Si c'est face, cette attaque inflige 30 dégâts plus 10 dégâts supplémentaires , si c'est pile, cette attaque inflige 30 dégâts et Élektek s'inflige 10 dégâts.";30;30+;;;;1;;;;;;;1;;;;;207;10;10;;;;;;;;;;;;;;;;;;;;;;;
126;1;Magmar;50;5;;14;0;;0;2;;Poing de Feu;;30;30;;;;;;2;;;;;;;;;;;;;Lance-flamme;Défaussez 1 carte Énergie feu attachée à Magmar pour pouvoir utiliser cette attaque.;50;50;;;;;;2;;;;;1;;;;;300;1;4;;;;;;;;;;;;;;;;;;;;;;;
127;0;Scarabrute;;;;;0;;0;;;;;;0;;;;;;;;;;;;;;;;;;;;;;0;;;;;;;;;;;;;;;;;;;;;;;;;;;;;;;;;;;;;;;;;
128;0;Tauros;;;;;0;;0;;;;;;0;;;;;;;;;;;;;;;;;;;;;;0;;;;;;;;;;;;;;;;;;;;;;;;;;;;;;;;;;;;;;;;;
129;1;Magicarpe;30;14;;3;0;;0;1;;Charge;;10;10;;;;;;;;;;;1;;;;;;;;Nageoire;Inflige 10 dégâts multipliés par le nombre de marqueurs de dégâts sur Magicarpe.;0;10x;;;;;;;;;;;;;;;1;203;10;;;;;;;;;;;;;;;;;;;;;;;;
130;1;Léviator;100;14;;8;0;4;1;3;129;Draco-rage;;50;50;;;;;;;;;;;;;;;3;;;;Bulles d’O;Lancez 1 pièce. Si c'est face, le Pokémon Défenseur est maintenant Paralysé.;40;40;;;;;;;;;;;;;;;4;601;2;-1;;;;;;;;;;;;;;;;;;;;;;;
131;0;Lokhlass;;;;;0;;0;;;;;;0;;;;;;;;;;;;;;;;;;;;;;0;;;;;;;;;;;;;;;;;;;;;;;;;;;;;;;;;;;;;;;;;
132;0;Métamorph;;;;;0;;0;;;;;;0;;;;;;;;;;;;;;;;;;;;;;0;;;;;;;;;;;;;;;;;;;;;;;;;;;;;;;;;;;;;;;;;
133;0;Evoli;;;;;0;;0;;;;;;0;;;;;;;;;;;;;;;;;;;;;;0;;;;;;;;;;;;;;;;;;;;;;;;;;;;;;;;;;;;;;;;;
134;0;Aquali;;;;;0;;0;;133;;;;0;;;;;;;;;;;;;;;;;;;;;;0;;;;;;;;;;;;;;;;;;;;;;;;;;;;;;;;;;;;;;;;;
135;0;Voltali;;;;;0;;0;;133;;;;0;;;;;;;;;;;;;;;;;;;;;;0;;;;;;;;;;;;;;;;;;;;;;;;;;;;;;;;;;;;;;;;;
136;0;Pyroli;;;;;0;;0;;133;;;;0;;;;;;;;;;;;;;;;;;;;;;0;;;;;;;;;;;;;;;;;;;;;;;;;;;;;;;;;;;;;;;;;
137;1;Porygon;30;10;;4;0;12;1;1;;Adaptation 1;Si le Pokémon Défenseur avait une Faiblesse, vous pouvez la changer pour le type de votre choix, excepté Incolore.;0;0;;;;;;;;;;;1;;;;;1;;;Adaptation 2;Changez la Résistance de Porygon pour un type de votre choix, excepté Incolore.;;0;;;;;;;;;;;2;;;;;2;;;;;;;;;;;;;;;;;;;;;;;;;
138;0;Amonita;;;;;0;;0;;;;;;0;;;;;;;;;;;;;;;;;;;;;;0;;;;;;;;;;;;;;;;;;;;;;;;;;;;;;;;;;;;;;;;;
139;0;Amonistar;;;;;0;;0;;138;;;;0;;;;;;;;;;;;;;;;;;;;;;0;;;;;;;;;;;;;;;;;;;;;;;;;;;;;;;;;;;;;;;;;
140;0;Kabuto;;;;;0;;0;;;;;;0;;;;;;;;;;;;;;;;;;;;;;0;;;;;;;;;;;;;;;;;;;;;;;;;;;;;;;;;;;;;;;;;
141;0;Kabutops;;;;;0;;0;;140;;;;0;;;;;;;;;;;;;;;;;;;;;;0;;;;;;;;;;;;;;;;;;;;;;;;;;;;;;;;;;;;;;;;;
142;0;Ptéra;;;;;0;;0;;;;;;0;;;;;;;;;;;;;;;;;;;;;;0;;;;;;;;;;;;;;;;;;;;;;;;;;;;;;;;;;;;;;;;;
143;0;Ronflex;;;;;0;;0;;;;;;0;;;;;;;;;;;;;;;;;;;;;;0;;;;;;;;;;;;;;;;;;;;;;;;;;;;;;;;;;;;;;;;;
144;0;Artikodin;;;;;0;;0;;;;;;0;;;;;;;;;;;;;;;;;;;;;;0;;;;;;;;;;;;;;;;;;;;;;;;;;;;;;;;;;;;;;;;;
145;1;Electhor;90;3;;;0;4;1;3;;Tonnerre;Lancez une pièce. Si c'est pile, Électhor s'inflige 30 dégâts.;60;60;;;;3;;;;;;;1;;;;;207;0;30;Fatal-foudre;Défaussez toutes les cartes Énergie attachées à Électhor pour pouvoir utiliser cette attaque.;100;100;;;;4;;;;;;;;;;;;300;100;255;;;;;;;;;;;;;;;;;;;;;;;
146;0;Sulfura;;;;;0;;0;;;;;;0;;;;;;;;;;;;;;;;;;;;;;0;;;;;;;;;;;;;;;;;;;;;;;;;;;;;;;;;;;;;;;;;
147;1;Minidraco;40;10;;;0;12;1;1;;Ecras’ face;;10;10;;;;;;;;;;;1;;;;;;;;;;;0;;;;;;;;;;;;;;;;;;;;;;;;;;;;;;;;;;;;;;;;;
148;1;Draco;80;10;;;0;12;1;2;147;Souplesse;Lancez 2 pièces. Cette attaque inflige 30 dégâts multipliés par le nombre de faces.;0;30x;;;;;;;;;;;3;;;;;201;30;2;Ultralaser;Si des cartes Énergie sont attachées au Pokémon Défenseur, choisissez 1 d'elle et défaussez-là.;20;20;;;;;;;;;;;4;;;;;301;1;0;;;;;;;;;;;;;;;;;;;;;;;
149;0;Dracolosse;;;;;0;;0;;148;;;;0;;;;;;;;;;;;;;;;;;;;;;0;;;;;;;;;;;;;;;;;;;;;;;;;;;;;;;;;;;;;;;;;
150;1;Mewtwo;60;12;;12;0;;0;3;;Psyko;Inflige 10 dégâts plus 10 dégâts supplémentaires pour chaque carte Énergie attachée au Pokémon Défenseur.;10;10+;;;;;;;;;;;1;;1;;;208;10;0;Bouclier;Défaussez 1 carte Énergie psy attachée à Mewtwo pour pouvoir utiliser cette attaque. Pendant le prochain tour de votre adversaire, prévenez tous les effets ou attaques, y compris les dégâts, infligés à Mewtwo.;0;0;;;;;;;;;;;;;2;;;502;12;;;;;;;;;;;;;;;;;;;;;;;;
151;0;Mew;;;;;0;;0;;;;;;0;;;;;;;;;;;;;;;;;;;;;;;;;;;;;;;;;;;;;;;;;;;;;;;;;;;;;;;;;;;;;;;
1000;0;Bug;0;1
1001;0;Dark;1;1
1002;0;Dragon;2;1
1003;1;Electric;3;1
1004;1;Fighting;4;1
1005;1;Fire;5;1
1006;0;Flying;6;1
1007;0;Ghost;7;1
1008;1;Grass;8;1
1009;0;Ice;9;1
1010;1;Normal;10;2
1011;0;Poison;11;1
1012;1;Psychic;12;1
1013;0;Rock;13;1
1014;1;Water;14;1
2000;0;Peluche Mélofée;Jouez Peluche Mélofée comme Pokémon de Base. Lorsqu'il est en jeu, Peluche Mélofée compte comme un Pokémon (au lieu d'une carte Dresseur). Peluche Mélofée n'a pas d'attaque, ne peut pas battre en retraite, et ne peut pas être Endormi, Confus, Paralysé ou Empoisonné. Si Peluche Mélofée est mis K.O., il ne compte pas comme un Pokémon mis K.O. À tout moment pendant votre tour et avant votre attaque, vous pouvez défausserPeluche Mélofée.;2000;
2001;1;Recherche informatique;Défaussez 2 des autres cartes de votre main pour chercher n'importe quelle carte dans votre deck et la placer dans votre main. Ensuite, mélangez votre deck.;2001;
2002;0;Vaporisateur rétrograde;Choississez 1 de votre propres Pokémon en jeu et un Niveau d'évolution. Défaussez toutes les cartes Evolution de ce stade ou supérieur attachée(s) à ce Pokémon. Ce Pokémon n'est plus Endormi, Confus, Paralysé, Empoisonné ou tout autre effet résultant d'une attaque (comme si vous veniez juste de le faire évoluer).;2002;
2003;1;Faux Profresseur Chen;Votre adversaire mélange sa main avec son deck, puis pioche 7 cartes.;2003;
2004;1;Récupérateur;Défaussez 2 des autres cartes de votre main pour placer une carte Dresseur de votre pile de Défausse dans votre main.;2004;
2005;0;Fillette;Vous révélez votre main ainsi que votre adversaire, puis mélangez toutes les cartes Dresseur de vos main dans vos decks respectifs.;2005;
2006;0;Eleveur de Pokemon;Placez une carte Evolution de niveau 2 de votre main sur le Pokémon de base correspondant. Vous ne pouvez jouer cette carte que quand il vous sera possiblede faire évoluer ce Pokémon de toute façon.;2006;
2007;0;Marchand de Pokémon;Echangez 1 carte Pokémon de base ou Evolution de votre main contre 1 carte Pokémon de base ou Evolution de votre deck. Montrer les deux cartes à votre adversaire. Ensuite, mélangez votre deck.;2007;
2008;0;Rappel;Défaussez 1 de vos Pokémon en jeu et reprenez sa carte Pokémon de base dans votre main.;2008;
2009;0;Double suppression d'énergie;Défaussez 1 carte Energie attachée à 1 de vos propres Pokémon et choississez 1 Pokémon de votre adversaire et jusqu'à 2 carte Energie attachées à ce Pokémon. Défaussez ces cartes Energie.;2009;
2010;0;Defender;Attachez Defender à 1 de vos Pokémon. À la fin de votre tour de votre adversaire, défaussezDefender. Les dégâts infligés à ce Pokémon par des attaques sont réduits de 20 (après application de la Faiblesse et de la Résistance).;2010;
2011;1;Sauvegarde d'Energie;Échangez 1 des autres cartes de votre main contre 1 ou 2 cartes Énergie de Base de votre pile de défausse.;2011;
2012;1;Guérison totale;Votre Pokémon actif n'est plus Endormi, Confus, Paralysé ou Empoisonné.;2012;
2013;0;Entretien;Mélangez 2 des autres cartes de votre main avec votre deck pour piocher une carte.;2013;
2014;0;PlusPower;Attachez PlusPower à votre Pokémon actif. À la fin de votre tour, défaussezPlusPower. Si l'attaque de ce Pokémon inflige des dégâts au Pokémon Défenseur (après application de la Faiblesse et de la Résistance), l'attaque inflige 10 dégâts supplémentaires au Pokémon Défenseur.;2014;
2015;1;Centre Pokémon;Retirez tous les marqueurs de dégâts de tous vos propres Pokémon ayant des marqueurs de dégâts sur eux, puis défaussez toutes les cartes Énergie attachées à ces Pokémon.;2015;
2016;0;Flûte Pokémon;Choisissez 1 carte Pokémon de base dans la pile de défausse de votre adversaire et placez-la sur son Banc. (Vous ne pouvez pas jouer Flûte Pokémon si le Banc de votre adversaire est plein).;2016;
2017;0;Pokédex;Regardez jusqu'à 5 des 5 premières cartes du dessus de votre deck et triez-les comme bon vous semble.;2017;
2018;1;Professeur Chen;Défaussez-vous de votre main, puis piochez 7 cartes.;2018;
2019;0;Réanimation;Placez 1 carte Pokémon de base de votre pile de défausse vers votre Banc. Placez sur lui un nombre de marqueurs de dégâts égal à la moitié de ses PV (arrondis à la dizaine inférieure la plus proche. (Vous ne pouvez pas jouer Réanimation si votre Banc est plein.);2019;
2020;1;Super Potion;Défaussez 1 carte Énergie attachée à 1 de vos propres Pokémon afin de retirer jusqu'à 4 marqueurs de dégâts de ce Pokémon.;2020;
2021;1;Léo;Piochez 2 cartes.;2021;
2022;1;Suppression d'énergie;Choisissez 1 carte Énergie attachée à 1 des Pokémon de votre adversaire et défaussez-là.;2022;
2023;0;Rafale de vent;Choisissez 1 Pokémon du Banc votre adversaire et échangez-le avec son Pokémon actif.;2023;
2024;1;Potion;Retirez jusqu'à 2 marqueurs de dégâts d'1 de vos Pokémon.;2024;
2025;0;Transfert;Échangez 1 Pokémon de votre Banc avec votre Pokémon actif.;2025;